condition,n,pre_mean,post_mean,gain_mean,systems_mean,load_mean,ethical_mean
PCM,30,3.553295823197964,8.791164013305435,5.237868190107472,8.062894006116032,3.146946660128065,7.517620519085764
SC,30,3.28651721766974,5.543098740951365,2.2565815232816253,4.31416601102489,4.492606555505524,4.010072371894404
UA,30,3.5400237537155315,7.631287636894242,4.09126388317871,6.901683742319978,5.82435500902764,6.443491989014091
